x_position,y_position
378633.9264784957,3853371.0506798737
