x_position,y_position
378640.9355759543,3853346.592344066
